rowNumber,codes
1,#5d8aa8
2,#00308f
3,#72a0c1
4,#a32638
5,#f0f8ff
6,#e32636
7,#c46210
8,#efdecd
9,#e52b50
10,#ffbf00
11,#ff7e00
12,#ff033e
13,#96c
14,#a4c639
15,#f2f3f4
16,#cd9575
17,#915c83
18,#841b2d
19,#faebd7
20,#008000
21,#8db600
22,#fbceb1
23,#0ff
24,#7fffd4
25,#4b5320
26,#3b444b
27,#e9d66b
28,#b2beb5
29,#87a96b
30,#f96
31,#a52a2a
32,#fdee00
33,#6e7f80
34,#568203
35,#007fff
36,#f0ffff
37,#89cff0
38,#a1caf1
39,#f4c2c2
40,#21abcd
41,#fae7b5
42,#ffe135
43,#7c0a02
44,#848482
45,#98777b
46,#bcd4e6
47,#9f8170
48,#f5f5dc
49,#9c2542
50,#ffe4c4
51,#3d2b1f
52,#fe6f5e
53,#bf4f51
54,#000
55,#3d0c02
56,#253529
57,#3b3c36
58,#ffebcd
59,#a57164
60,#318ce7
61,#ace5ee
62,#faf0be
63,#00f
64,#a2a2d0
65,#1f75fe
66,#69c
67,#0d98ba
68,#0093af
69,#0087bd
70,#339
71,#0247fe
72,#126180
73,#8a2be2
74,#de5d83
75,#79443b
76,#0095b6
77,#e3dac9
78,#c00
79,#006a4e
80,#873260
81,#0070ff
82,#b5a642
83,#cb4154
84,#1dacd6
85,#6f0
86,#bf94e4
87,#c32148
88,#ff007f
89,#08e8de
90,#d19fe8
91,#f4bbff
92,#ff55a3
93,#fb607f
94,#004225
95,#cd7f32
96,#964b00
97,#a52a2a
98,#ffc1cc
99,#e7feff
100,#f0dc82
101,#480607
102,#800020
103,#deb887
104,#c50
105,#e97451
106,#8a3324
107,#bd33a4
108,#702963
109,#536872
110,#5f9ea0
111,#91a3b0
112,#006b3c
113,#ed872d
114,#e30022
115,#fff600
116,#a67b5b
117,#4b3621
118,#1e4d2b
119,#a3c1ad
120,#c19a6b
121,#efbbcc
122,#78866b
123,#ffef00
124,#ff0800
125,#e4717a
126,#00bfff
127,#592720
128,#c41e3a
129,#0c9
130,#960018
131,#d70040
132,#eb4c42
133,#ff0038
134,#ffa6c9
135,#b31b1b
136,#99badd
137,#ed9121
138,#062a78
139,#92a1cf
140,#ace1af
141,#007ba7
142,#2f847c
143,#b2ffff
144,#4997d0
145,#de3163
146,#ec3b83
147,#007ba7
148,#2a52be
149,#6d9bc3
150,#007aa5
151,#e03c31
152,#a0785a
153,#fad6a5
154,#36454f
155,#e68fac
156,#dfff00
157,#7fff00
158,#de3163
159,#ffb7c5
160,#cd5c5c
161,#de6fa1
162,#a8516e
163,#aa381e
164,#7b3f00
165,#d2691e
166,#ffa700
167,#98817b
168,#e34234
169,#d2691e
170,#e4d00a
171,#fbcce7
172,#0047ab
173,#d2691e
174,#6f4e37
175,#9bddff
176,#f88379
177,#002e63
178,#8c92ac
179,#b87333
180,#da8a67
181,#ad6f69
182,#cb6d51
183,#966
184,#ff3800
185,#ff7f50
186,#f88379
187,#ff4040
188,#893f45
189,#fbec5d
190,#b31b1b
191,#6495ed
192,#fff8dc
193,#fff8e7
194,#ffbcd9
195,#fffdd0
196,#dc143c
197,#be0032
198,#0ff
199,#00b7eb
200,#ffff31
201,#f0e130
202,#00008b
203,#654321
204,#5d3954
205,#a40000
206,#08457e
207,#986960
208,#cd5b45
209,#008b8b
210,#536878
211,#b8860b
212,#a9a9a9
213,#013220
214,#00416a
215,#1a2421
216,#bdb76b
217,#483c32
218,#734f96
219,#8b008b
220,#036
221,#556b2f
222,#ff8c00
223,#9932cc
224,#779ecb
225,#03c03c
226,#966fd6
227,#c23b22
228,#e75480
229,#039
230,#872657
231,#8b0000
232,#e9967a
233,#560319
234,#8fbc8f
235,#3c1414
236,#483d8b
237,#2f4f4f
238,#177245
239,#918151
240,#ffa812
241,#483c32
242,#cc4e5c
243,#00ced1
244,#9400d3
245,#9b870c
246,#00703c
247,#555
248,#d70a53
249,#a9203e
250,#ef3038
251,#e9692c
252,#da3287
253,#fad6a5
254,#b94e48
255,#704241
256,#c154c1
257,#004b49
258,#95b
259,#c0c
260,#ffcba4
261,#ff1493
262,#843f5b
263,#f93
264,#00bfff
265,#66424d
266,#1560bd
267,#c19a6b
268,#edc9af
269,#696969
270,#1e90ff
271,#d71868
272,#85bb65
273,#967117
274,#00009c
275,#e1a95f
276,#555d50
277,#c2b280
278,#614051
279,#f0ead6
280,#1034a6
281,#7df9ff
282,#ff003f
283,#0ff
284,#0f0
285,#6f00ff
286,#f4bbff
287,#cf0
288,#bf00ff
289,#3f00ff
290,#8f00ff
291,#ff0
292,#50c878
293,#b48395
294,#96c8a2
295,#c19a6b
296,#801818
297,#b53389
298,#f400a1
299,#e5aa70
300,#4d5d53
301,#4f7942
302,#ff2800
303,#6c541e
304,#ce2029
305,#b22222
306,#e25822
307,#fc8eac
308,#f7e98e
309,#eedc82
310,#fffaf0
311,#ffbf00
312,#ff1493
313,#cf0
314,#ff004f
315,#014421
316,#228b22
317,#a67b5b
318,#0072bb
319,#86608e
320,#cf0
321,#c72c48
322,#f64a8a
323,#f0f
324,#c154c1
325,#f7f
326,#c74375
327,#e48400
328,#c66
329,#dcdcdc
330,#e49b0f
331,#f8f8ff
332,#b06500
333,#6082b6
334,#e6e8fa
335,#d4af37
336,#ffd700
337,#996515
338,#fcc200
339,#ffdf00
340,#daa520
341,#a8e4a0
342,#808080
343,#465945
344,#808080
345,#bebebe
346,#0f0
347,#1cac78
348,#008000
349,#00a877
350,#009f6b
351,#00a550
352,#66b032
353,#adff2f
354,#a99a86
355,#00ff7f
356,#663854
357,#446ccf
358,#5218fa
359,#e9d66b
360,#3fff00
361,#c90016
362,#da9100
363,#808000
364,#df73ff
365,#f400a1
366,#f0fff0
367,#007fbf
368,#49796b
369,#ff1dce
370,#ff69b4
371,#355e3b
372,#71a6d2
373,#fcf75e
374,#002395
375,#b2ec5d
376,#138808
377,#cd5c5c
378,#e3a857
379,#6f00ff
380,#00416a
381,#4b0082
382,#002fa7
383,#ff4f00
384,#ba160c
385,#c0362c
386,#5a4fcf
387,#f4f0ec
388,#009000
389,#fffff0
390,#00a86b
391,#f8de7e
392,#d73b3e
393,#a50b5e
394,#343434
395,#fada5e
396,#bdda57
397,#29ab87
398,#4cbb17
399,#7c1c05
400,#c3b091
401,#f0e68c
402,#e8000d
403,#087830
404,#d6cadd
405,#26619c
406,#fefe22
407,#a9ba9d
408,#cf1020
409,#ccf
410,#fff0f5
411,#b57edc
412,#c4c3d0
413,#9457eb
414,#ee82ee
415,#e6e6fa
416,#fbaed2
417,#967bb6
418,#fba0e3
419,#e6e6fa
420,#7cfc00
421,#fff700
422,#fffacd
423,#e3ff00
424,#1a1110
425,#fdd5b1
426,#add8e6
427,#b5651d
428,#e66771
429,#f08080
430,#93ccea
431,#f56991
432,#e0ffff
433,#f984ef
434,#fafad2
435,#d3d3d3
436,#90ee90
437,#f0e68c
438,#b19cd9
439,#ffb6c1
440,#e97451
441,#ffa07a
442,#f99
443,#20b2aa
444,#87cefa
445,#789
446,#b38b6d
447,#e68fac
448,#ffffe0
449,#c8a2c8
450,#bfff00
451,#32cd32
452,#0f0
453,#9dc209
454,#195905
455,#faf0e6
456,#c19a6b
457,#6ca0dc
458,#534b4f
459,#e62020
460,#f0f
461,#ca1f7b
462,#ff0090
463,#aaf0d1
464,#f8f4ff
465,#c04000
466,#fbec5d
467,#6050dc
468,#0bda51
469,#979aaa
470,#ff8243
471,#74c365
472,#880085
473,#c32148
474,#800000
475,#b03060
476,#e0b0ff
477,#915f6d
478,#ef98aa
479,#73c2fb
480,#e5b73b
481,#6da
482,#0000cd
483,#e2062c
484,#af4035
485,#f3e5ab
486,#035096
487,#1c352d
488,#dda0dd
489,#ba55d3
490,#0067a5
491,#9370db
492,#bb3385
493,#aa4069
494,#3cb371
495,#7b68ee
496,#c9dc87
497,#00fa9a
498,#674c47
499,#48d1cc
500,#79443b
501,#d9603b
502,#c71585
503,#f8b878
504,#f8de7e
505,#fdbcb4
506,#191970
507,#004953
508,#ffc40c
509,#3eb489
510,#f5fffa
511,#98ff98
512,#ffe4e1
513,#faebd7
514,#967117
515,#73a9c2
516,#ae0c00
517,#addfad
518,#30ba8f
519,#997a8d
520,#18453b
521,#c54b8c
522,#ffdb58
523,#21421e
524,#f6adc6
525,#2a8000
526,#fada5e
527,#ffdead
528,#000080
529,#ffa343
530,#fe4164
531,#39ff14
532,#d7837f
533,#a4dded
534,#059033
535,#0077be
536,#c72
537,#008000
538,#cfb53b
539,#fdf5e6
540,#796878
541,#673147
542,#c08081
543,#808000
544,#3c341f
545,#6b8e23
546,#9ab973
547,#353839
548,#b784a7
549,#ff7f00
550,#ff9f00
551,#ff4500
552,#fb9902
553,#ffa500
554,#da70d6
555,#654321
556,#900
557,#414a4c
558,#ff6e4a
559,#002147
560,#060
561,#273be2
562,#682860
563,#bcd4e6
564,#afeeee
565,#987654
566,#af4035
567,#9bc4e2
568,#ddadaf
569,#da8a67
570,#abcdef
571,#e6be8a
572,#eee8aa
573,#98fb98
574,#dcd0ff
575,#f984e5
576,#fadadd
577,#dda0dd
578,#db7093
579,#96ded1
580,#c9c0bb
581,#ecebbd
582,#bc987e
583,#db7093
584,#78184a
585,#ffefd5
586,#50c878
587,#aec6cf
588,#836953
589,#cfcfc4
590,#7d7
591,#f49ac2
592,#ffb347
593,#dea5a4
594,#b39eb5
595,#ff6961
596,#cb99c9
597,#fdfd96
598,#800080
599,#536878
600,#ffe5b4
601,#ffcba4
602,#fc9
603,#ffdab9
604,#fadfad
605,#d1e231
606,#eae0c8
607,#88d8c0
608,#b768a2
609,#e6e200
610,#ccf
611,#1c39bb
612,#00a693
613,#32127a
614,#d99058
615,#f77fbe
616,#701c1c
617,#c33
618,#fe28a2
619,#ec5800
620,#cd853f
621,#df00ff
622,#000f89
623,#123524
624,#fddde6
625,#01796f
626,#ffc0cb
627,#ffddf4
628,#f96
629,#e7accf
630,#f78fa7
631,#93c572
632,#e5e4e2
633,#8e4585
634,#dda0dd
635,#ff5a36
636,#b0e0e6
637,#ff8f00
638,#701c1c
639,#003153
640,#df00ff
641,#c89
642,#ff7518
643,#69359c
644,#800080
645,#9678b6
646,#9f00c5
647,#fe4eda
648,#50404d
649,#a020f0
650,#51484f
651,#5d8aa8
652,#ff355e
653,#fbab60
654,#e30b5d
655,#915f6d
656,#e25098
657,#b3446c
658,#826644
659,#f3c
660,#e3256b
661,#f00
662,#a52a2a
663,#860111
664,#f2003c
665,#c40233
666,#ff5349
667,#ed1c24
668,#fe2712
669,#c71585
670,#ab4e52
671,#522d80
672,#002387
673,#004040
674,#f1a7fe
675,#d70040
676,#0892d0
677,#a76bcf
678,#b666d2
679,#b03060
680,#414833
681,#0cc
682,#ff007f
683,#f9429e
684,#674846
685,#b76e79
686,#e32636
687,#f6c
688,#aa98a9
689,#905d5d
690,#ab4e52
691,#65000b
692,#d40000
693,#bc8f8f
694,#0038a8
695,#002366
696,#4169e1
697,#ca2c92
698,#7851a9
699,#fada5e
700,#d10056
701,#e0115f
702,#9b111e
703,#ff0028
704,#bb6528
705,#e18e96
706,#a81c07
707,#80461b
708,#b7410e
709,#da2c43
710,#00563f
711,#8b4513
712,#ff6700
713,#f4c430
714,#ff8c69
715,#ff91a4
716,#c2b280
717,#967117
718,#ecd540
719,#f4a460
720,#967117
721,#92000a
722,#507d2a
723,#0f52ba
724,#0067a5
725,#cba135
726,#ff2400
727,#fd0e35
728,#ffd800
729,#76ff7a
730,#006994
731,#2e8b57
732,#321414
733,#fff5ee
734,#ffba00
735,#704214
736,#8a795d
737,#009e60
738,#fc0fc0
739,#ff6fff
740,#882d17
741,#c0c0c0
742,#cb410b
743,#007474
744,#87ceeb
745,#cf71af
746,#6a5acd
747,#708090
748,#039
749,#933d41
750,#100c08
751,#fffafa
752,#0fc0fc
753,#a7fc00
754,#00ff7f
755,#23297a
756,#4682b4
757,#fada5e
758,#900
759,#4f666a
760,#e4d96f
761,#fc3
762,#fad6a5
763,#d2b48c
764,#f94d00
765,#f28500
766,#fc0
767,#e4717a
768,#483c32
769,#8b8589
770,#d0f0c0
771,#f88379
772,#f4c2c2
773,#008080
774,#367588
775,#00827f
776,#cf3476
777,#cd5700
778,#e2725b
779,#d8bfd8
780,#de6fa1
781,#fc89ac
782,#0abab5
783,#e08d3c
784,#dbd7d2
785,#eee600
786,#ff6347
787,#746cc0
788,#ffc87c
789,#fd0e35
790,#808080
791,#00755e
792,#0073cf
793,#417dc1
794,#deaa88
795,#b57281
796,#30d5c8
797,#00ffef
798,#a0d6b4
799,#7c4848
800,#8a496b
801,#66023c
802,#03a
803,#d9004c
804,#8878c3
805,#536895
806,#ffb300
807,#3cd070
808,#ff6fff
809,#120a8f
810,#4166f5
811,#635147
812,#ffddca
813,#5b92e5
814,#b78727
815,#ff6
816,#014421
817,#7b1113
818,#ae2029
819,#e1ad21
820,#004f98
821,#900
822,#fc0
823,#d3003f
824,#f3e5ab
825,#c5b358
826,#c80815
827,#43b3ae
828,#e34234
829,#d9603b
830,#a020f0
831,#8f00ff
832,#324ab2
833,#7f00ff
834,#8601af
835,#ee82ee
836,#40826d
837,#922724
838,#9f1d35
839,#da1d81
840,#ffa089
841,#9f00ff
842,#004242
843,#a4f4f9
844,#645452
845,#f5deb3
846,#fff
847,#f5f5f5
848,#a2add0
849,#ff43a4
850,#fc6c85
851,#722f37
852,#673147
853,#c9a0dc
854,#c19a6b
855,#738678
856,#0f4d92
857,#ff0
858,#9acd32
859,#efcc00
860,#ffd300
861,#ffae42
862,#ffef00
863,#fefe33
864,#0014a8
865,#2c1608